[
  {
    "Type": "Copper",
    "Weight": 1,
    "Thickness": 0.035
  },
  {
    "Type": "Dielectric",
    "Material": {
      "Manufacturer": "Nan Ya Plastics",
      "Model": "NP-155F",
      "Construction": "2116",
      "NominalThickness": 0.12446,
      "ResinContent": 54,
      "DielectricConstant": 4.16,
      "LossTangent": 0.02,
      "GlassTransitionTemperature": 150,
      "ExpectedLayerCount": 0,
      "IsCore": false
    },
    "Thickness": 0.1164
  },
  {
    "Type": "Copper",
    "Weight": 0.5,
    "Thickness": 0.0152
  },
  {
    "Type": "Dielectric",
    "Material": {
      "Manufacturer": "Nan Ya Plastics",
      "Model": "NP-155F",
      "Construction": "Core",
      "NominalThickness": 0.13,
      "ResinContent": 0,
      "DielectricConstant": 4.17,
      "LossTangent": 0.02,
      "GlassTransitionTemperature": 150,
      "ExpectedLayerCount": 0,
      "IsCore": true
    },
    "Thickness": 0.13
  },
  {
    "Type": "Copper",
    "Weight": 0.5,
    "Thickness": 0.0152
  },
  {
    "Type": "Dielectric",
    "Material": {
      "Manufacturer": "Nan Ya Plastics",
      "Model": "NP-155F",
      "Construction": "2116",
      "NominalThickness": 0.12446,
      "ResinContent": 54,
      "DielectricConstant": 4.16,
      "LossTangent": 0.02,
      "GlassTransitionTemperature": 150,
      "ExpectedLayerCount": 0,
      "IsCore": false
    },
    "Thickness": 0.1164
  },
  {
    "Type": "Dielectric",
    "Material": {
      "Manufacturer": "Nan Ya Plastics",
      "Model": "NP-155F",
      "Construction": "Core",
      "NominalThickness": 0.7,
      "ResinContent": 0,
      "DielectricConstant": 4.53,
      "LossTangent": 0.02,
      "GlassTransitionTemperature": 150,
      "ExpectedLayerCount": 0,
      "IsCore": true
    },
    "Thickness": 0.7
  },
  {
    "Type": "Dielectric",
    "Material": {
      "Manufacturer": "Nan Ya Plastics",
      "Model": "NP-155F",
      "Construction": "2116",
      "NominalThickness": 0.12446,
      "ResinContent": 54,
      "DielectricConstant": 4.16,
      "LossTangent": 0.02,
      "GlassTransitionTemperature": 150,
      "ExpectedLayerCount": 0,
      "IsCore": false
    },
    "Thickness": 0.1164
  },
  {
    "Type": "Copper",
    "Weight": 0.5,
    "Thickness": 0.0152
  },
  {
    "Type": "Dielectric",
    "Material": {
      "Manufacturer": "Nan Ya Plastics",
      "Model": "NP-155F",
      "Construction": "Core",
      "NominalThickness": 0.13,
      "ResinContent": 0,
      "DielectricConstant": 4.17,
      "LossTangent": 0.02,
      "GlassTransitionTemperature": 150,
      "ExpectedLayerCount": 0,
      "IsCore": true
    },
    "Thickness": 0.13
  },
  {
    "Type": "Copper",
    "Weight": 0.5,
    "Thickness": 0.0152
  },
  {
    "Type": "Dielectric",
    "Material": {
      "Manufacturer": "Nan Ya Plastics",
      "Model": "NP-155F",
      "Construction": "2116",
      "NominalThickness": 0.12446,
      "ResinContent": 54,
      "DielectricConstant": 4.16,
      "LossTangent": 0.02,
      "GlassTransitionTemperature": 150,
      "ExpectedLayerCount": 0,
      "IsCore": false
    },
    "Thickness": 0.1164
  },
  {
    "Type": "Copper",
    "Weight": 1,
    "Thickness": 0.035
  }
]