[
  {
    "Type": "Copper",
    "Weight": 1,
    "Thickness": 0.035
  },
  {
    "Type": "Dielectric",
    "Material": {
      "Manufacturer": "SYTECH (Shengyi)",
      "Model": "S1000-2M",
      "Construction": "2313",
      "NominalThickness": 0.10388599999999999,
      "ResinContent": 58,
      "DielectricConstant": 4.31,
      "LossTangent": 0.018,
      "GlassTransitionTemperature": 180,
      "ExpectedLayerCount": 10,
      "IsCore": false
    },
    "Thickness": 0.089
  },
  {
    "Type": "Copper",
    "Weight": 1,
    "Thickness": 0.03
  },
  {
    "Type": "Dielectric",
    "Material": {
      "Manufacturer": "Nan Ya Plastics",
      "Model": "NP-155F",
      "Construction": "Core",
      "NominalThickness": 0.1,
      "ResinContent": 0,
      "DielectricConstant": 4.36,
      "LossTangent": 0.02,
      "GlassTransitionTemperature": 150,
      "ExpectedLayerCount": 0,
      "IsCore": true
    },
    "Thickness": 0.1
  },
  {
    "Type": "Copper",
    "Weight": 1,
    "Thickness": 0.03
  },
  {
    "Type": "Dielectric",
    "Material": {
      "Manufacturer": "Nan Ya Plastics",
      "Model": "NP-155F",
      "Construction": "2116",
      "NominalThickness": 0.12446,
      "ResinContent": 54,
      "DielectricConstant": 4.16,
      "LossTangent": 0.02,
      "GlassTransitionTemperature": 150,
      "ExpectedLayerCount": 0,
      "IsCore": false
    },
    "Thickness": 0.112
  },
  {
    "Type": "Dielectric",
    "Material": {
      "Manufacturer": "Nan Ya Plastics",
      "Model": "NP-155F",
      "Construction": "2116",
      "NominalThickness": 0.12446,
      "ResinContent": 54,
      "DielectricConstant": 4.16,
      "LossTangent": 0.02,
      "GlassTransitionTemperature": 150,
      "ExpectedLayerCount": 0,
      "IsCore": false
    },
    "Thickness": 0.112
  },
  {
    "Type": "Copper",
    "Weight": 1,
    "Thickness": 0.03
  },
  {
    "Type": "Dielectric",
    "Material": {
      "Manufacturer": "Nan Ya Plastics",
      "Model": "NP-155F",
      "Construction": "Core",
      "NominalThickness": 0.1,
      "ResinContent": 0,
      "DielectricConstant": 4.36,
      "LossTangent": 0.02,
      "GlassTransitionTemperature": 150,
      "ExpectedLayerCount": 0,
      "IsCore": true
    },
    "Thickness": 0.1
  },
  {
    "Type": "Copper",
    "Weight": 1,
    "Thickness": 0.03
  },
  {
    "Type": "Dielectric",
    "Material": {
      "Manufacturer": "SYTECH (Shengyi)",
      "Model": "S1000-2M",
      "Construction": "2313",
      "NominalThickness": 0.10388599999999999,
      "ResinContent": 58,
      "DielectricConstant": 4.31,
      "LossTangent": 0.018,
      "GlassTransitionTemperature": 180,
      "ExpectedLayerCount": 10,
      "IsCore": false
    },
    "Thickness": 0.089
  },
  {
    "Type": "Copper",
    "Weight": 1,
    "Thickness": 0.035
  }
]