[
  {
    "Type": "Copper",
    "Weight": 2,
    "Thickness": 0.07
  },
  {
    "Type": "Dielectric",
    "Material": {
      "Manufacturer": "Nan Ya Plastics",
      "Model": "NP-155F",
      "Construction": "7628",
      "NominalThickness": 0.21844,
      "ResinContent": 49,
      "DielectricConstant": 4.4,
      "LossTangent": 0.02,
      "GlassTransitionTemperature": 150,
      "ExpectedLayerCount": 0,
      "IsCore": false
    },
    "Thickness": 0.203
  },
  {
    "Type": "Copper",
    "Weight": 1,
    "Thickness": 0.03
  },
  {
    "Type": "Dielectric",
    "Material": {
      "Manufacturer": "Nan Ya Plastics",
      "Model": "NP-155F",
      "Construction": "Core",
      "NominalThickness": 0.45,
      "ResinContent": 0,
      "DielectricConstant": 4.36,
      "LossTangent": 0.02,
      "GlassTransitionTemperature": 150,
      "ExpectedLayerCount": 0,
      "IsCore": true
    },
    "Thickness": 0.45
  },
  {
    "Type": "Copper",
    "Weight": 1,
    "Thickness": 0.03
  },
  {
    "Type": "Dielectric",
    "Material": {
      "Manufacturer": "Nan Ya Plastics",
      "Model": "NP-155F",
      "Construction": "7628",
      "NominalThickness": 0.21844,
      "ResinContent": 49,
      "DielectricConstant": 4.4,
      "LossTangent": 0.02,
      "GlassTransitionTemperature": 150,
      "ExpectedLayerCount": 0,
      "IsCore": false
    },
    "Thickness": 0.203
  },
  {
    "Type": "Dielectric",
    "Material": {
      "Manufacturer": "Nan Ya Plastics",
      "Model": "NP-155F",
      "Construction": "7628",
      "NominalThickness": 0.21844,
      "ResinContent": 49,
      "DielectricConstant": 4.4,
      "LossTangent": 0.02,
      "GlassTransitionTemperature": 150,
      "ExpectedLayerCount": 0,
      "IsCore": false
    },
    "Thickness": 0.203
  },
  {
    "Type": "Copper",
    "Weight": 1,
    "Thickness": 0.03
  },
  {
    "Type": "Dielectric",
    "Material": {
      "Manufacturer": "Nan Ya Plastics",
      "Model": "NP-155F",
      "Construction": "Core",
      "NominalThickness": 0.45,
      "ResinContent": 0,
      "DielectricConstant": 4.36,
      "LossTangent": 0.02,
      "GlassTransitionTemperature": 150,
      "ExpectedLayerCount": 0,
      "IsCore": true
    },
    "Thickness": 0.45
  },
  {
    "Type": "Copper",
    "Weight": 1,
    "Thickness": 0.03
  },
  {
    "Type": "Dielectric",
    "Material": {
      "Manufacturer": "Nan Ya Plastics",
      "Model": "NP-155F",
      "Construction": "7628",
      "NominalThickness": 0.21844,
      "ResinContent": 49,
      "DielectricConstant": 4.4,
      "LossTangent": 0.02,
      "GlassTransitionTemperature": 150,
      "ExpectedLayerCount": 0,
      "IsCore": false
    },
    "Thickness": 0.203
  },
  {
    "Type": "Copper",
    "Weight": 2,
    "Thickness": 0.07
  }
]