[
  {
    "Type": "Copper",
    "Weight": 2,
    "Thickness": 0.07
  },
  {
    "Type": "Dielectric",
    "Material": {
      "Manufacturer": "Nan Ya Plastics",
      "Model": "NP-155F",
      "Construction": "1080",
      "NominalThickness": 0.08381999999999999,
      "ResinContent": 67,
      "DielectricConstant": 3.91,
      "LossTangent": 0.02,
      "GlassTransitionTemperature": 150,
      "ExpectedLayerCount": 0,
      "IsCore": false
    },
    "Thickness": 0.086
  },
  {
    "Type": "Dielectric",
    "Material": {
      "Manufacturer": "SYTECH (Shengyi)",
      "Model": "S1000-2M",
      "Construction": "106",
      "NominalThickness": 0.050038,
      "ResinContent": 72,
      "DielectricConstant": 3.92,
      "LossTangent": 0.018,
      "GlassTransitionTemperature": 180,
      "ExpectedLayerCount": 10,
      "IsCore": false
    },
    "Thickness": 0.0195
  },
  {
    "Type": "Copper",
    "Weight": 2,
    "Thickness": 0.061
  },
  {
    "Type": "Dielectric",
    "Material": {
      "Manufacturer": "Nan Ya Plastics",
      "Model": "NP-155F",
      "Construction": "Core",
      "NominalThickness": 0.1,
      "ResinContent": 0,
      "DielectricConstant": 4.36,
      "LossTangent": 0.02,
      "GlassTransitionTemperature": 150,
      "ExpectedLayerCount": 0,
      "IsCore": true
    },
    "Thickness": 0.1
  },
  {
    "Type": "Copper",
    "Weight": 2,
    "Thickness": 0.061
  },
  {
    "Type": "Dielectric",
    "Material": {
      "Manufacturer": "Nan Ya Plastics",
      "Model": "NP-155F",
      "Construction": "1080",
      "NominalThickness": 0.08381999999999999,
      "ResinContent": 67,
      "DielectricConstant": 3.91,
      "LossTangent": 0.02,
      "GlassTransitionTemperature": 150,
      "ExpectedLayerCount": 0,
      "IsCore": false
    },
    "Thickness": 0.0555
  },
  {
    "Type": "Dielectric",
    "Material": {
      "Manufacturer": "Nan Ya Plastics",
      "Model": "NP-155F",
      "Construction": "1080",
      "NominalThickness": 0.08381999999999999,
      "ResinContent": 67,
      "DielectricConstant": 3.91,
      "LossTangent": 0.02,
      "GlassTransitionTemperature": 150,
      "ExpectedLayerCount": 0,
      "IsCore": false
    },
    "Thickness": 0.086
  },
  {
    "Type": "Dielectric",
    "Material": {
      "Manufacturer": "Nan Ya Plastics",
      "Model": "NP-155F",
      "Construction": "1080",
      "NominalThickness": 0.08381999999999999,
      "ResinContent": 67,
      "DielectricConstant": 3.91,
      "LossTangent": 0.02,
      "GlassTransitionTemperature": 150,
      "ExpectedLayerCount": 0,
      "IsCore": false
    },
    "Thickness": 0.0555
  },
  {
    "Type": "Copper",
    "Weight": 2,
    "Thickness": 0.061
  },
  {
    "Type": "Dielectric",
    "Material": {
      "Manufacturer": "Nan Ya Plastics",
      "Model": "NP-155F",
      "Construction": "Core",
      "NominalThickness": 0.1,
      "ResinContent": 0,
      "DielectricConstant": 4.36,
      "LossTangent": 0.02,
      "GlassTransitionTemperature": 150,
      "ExpectedLayerCount": 0,
      "IsCore": true
    },
    "Thickness": 0.1
  },
  {
    "Type": "Copper",
    "Weight": 2,
    "Thickness": 0.061
  },
  {
    "Type": "Dielectric",
    "Material": {
      "Manufacturer": "SYTECH (Shengyi)",
      "Model": "S1000-2M",
      "Construction": "106",
      "NominalThickness": 0.050038,
      "ResinContent": 72,
      "DielectricConstant": 3.92,
      "LossTangent": 0.018,
      "GlassTransitionTemperature": 180,
      "ExpectedLayerCount": 10,
      "IsCore": false
    },
    "Thickness": 0.0195
  },
  {
    "Type": "Dielectric",
    "Material": {
      "Manufacturer": "Nan Ya Plastics",
      "Model": "NP-155F",
      "Construction": "1080",
      "NominalThickness": 0.08381999999999999,
      "ResinContent": 67,
      "DielectricConstant": 3.91,
      "LossTangent": 0.02,
      "GlassTransitionTemperature": 150,
      "ExpectedLayerCount": 0,
      "IsCore": false
    },
    "Thickness": 0.086
  },
  {
    "Type": "Copper",
    "Weight": 2,
    "Thickness": 0.07
  }
]