[
  {
    "Type": "Copper",
    "Weight": 2,
    "Thickness": 0.07
  },
  {
    "Type": "Dielectric",
    "Material": {
      "Manufacturer": "Nan Ya Plastics",
      "Model": "NP-155F",
      "Construction": "1080",
      "NominalThickness": 0.08381999999999999,
      "ResinContent": 67,
      "DielectricConstant": 3.91,
      "LossTangent": 0.02,
      "GlassTransitionTemperature": 150,
      "ExpectedLayerCount": 0,
      "IsCore": false
    },
    "Thickness": 0.0784
  },
  {
    "Type": "Copper",
    "Weight": 0.5,
    "Thickness": 0.0152
  },
  {
    "Type": "Dielectric",
    "Material": {
      "Manufacturer": "Nan Ya Plastics",
      "Model": "NP-155F",
      "Construction": "Core",
      "NominalThickness": 0.1,
      "ResinContent": 0,
      "DielectricConstant": 4.36,
      "LossTangent": 0.02,
      "GlassTransitionTemperature": 150,
      "ExpectedLayerCount": 0,
      "IsCore": true
    },
    "Thickness": 0.1
  },
  {
    "Type": "Copper",
    "Weight": 0.5,
    "Thickness": 0.0152
  },
  {
    "Type": "Dielectric",
    "Material": {
      "Manufacturer": "Nan Ya Plastics",
      "Model": "NP-155F",
      "Construction": "2116",
      "NominalThickness": 0.12446,
      "ResinContent": 54,
      "DielectricConstant": 4.16,
      "LossTangent": 0.02,
      "GlassTransitionTemperature": 150,
      "ExpectedLayerCount": 0,
      "IsCore": false
    },
    "Thickness": 0.1194
  },
  {
    "Type": "Dielectric",
    "Material": {
      "Manufacturer": "Nan Ya Plastics",
      "Model": "NP-155F",
      "Construction": "2116",
      "NominalThickness": 0.12446,
      "ResinContent": 54,
      "DielectricConstant": 4.16,
      "LossTangent": 0.02,
      "GlassTransitionTemperature": 150,
      "ExpectedLayerCount": 0,
      "IsCore": false
    },
    "Thickness": 0.1194
  },
  {
    "Type": "Copper",
    "Weight": 0.5,
    "Thickness": 0.0152
  },
  {
    "Type": "Dielectric",
    "Material": {
      "Manufacturer": "Nan Ya Plastics",
      "Model": "NP-155F",
      "Construction": "Core",
      "NominalThickness": 0.1,
      "ResinContent": 0,
      "DielectricConstant": 4.36,
      "LossTangent": 0.02,
      "GlassTransitionTemperature": 150,
      "ExpectedLayerCount": 0,
      "IsCore": true
    },
    "Thickness": 0.1
  },
  {
    "Type": "Copper",
    "Weight": 0.5,
    "Thickness": 0.0152
  },
  {
    "Type": "Dielectric",
    "Material": {
      "Manufacturer": "Nan Ya Plastics",
      "Model": "NP-155F",
      "Construction": "1080",
      "NominalThickness": 0.08381999999999999,
      "ResinContent": 67,
      "DielectricConstant": 3.91,
      "LossTangent": 0.02,
      "GlassTransitionTemperature": 150,
      "ExpectedLayerCount": 0,
      "IsCore": false
    },
    "Thickness": 0.0784
  },
  {
    "Type": "Copper",
    "Weight": 2,
    "Thickness": 0.07
  }
]