[
  {
    "Type": "Copper",
    "Weight": 1,
    "Thickness": 0.035
  },
  {
    "Type": "Dielectric",
    "Material": {
      "Manufacturer": "Nan Ya Plastics",
      "Model": "NP-155F",
      "Construction": "3313",
      "NominalThickness": 0.10668,
      "ResinContent": 57,
      "DielectricConstant": 4.1,
      "LossTangent": 0.02,
      "GlassTransitionTemperature": 150,
      "ExpectedLayerCount": 0,
      "IsCore": false
    },
    "Thickness": 0.092
  },
  {
    "Type": "Copper",
    "Weight": 1,
    "Thickness": 0.03
  },
  {
    "Type": "Dielectric",
    "Material": {
      "Manufacturer": "Nan Ya Plastics",
      "Model": "NP-155F",
      "Construction": "Core",
      "NominalThickness": 0.25,
      "ResinContent": 0,
      "DielectricConstant": 4.23,
      "LossTangent": 0.02,
      "GlassTransitionTemperature": 150,
      "ExpectedLayerCount": 0,
      "IsCore": true
    },
    "Thickness": 0.25
  },
  {
    "Type": "Copper",
    "Weight": 1,
    "Thickness": 0.03
  },
  {
    "Type": "Dielectric",
    "Material": {
      "Manufacturer": "Nan Ya Plastics",
      "Model": "NP-155F",
      "Construction": "1080",
      "NominalThickness": 0.08381999999999999,
      "ResinContent": 67,
      "DielectricConstant": 3.91,
      "LossTangent": 0.02,
      "GlassTransitionTemperature": 150,
      "ExpectedLayerCount": 0,
      "IsCore": false
    },
    "Thickness": 0.069
  },
  {
    "Type": "Dielectric",
    "Material": {
      "Manufacturer": "Nan Ya Plastics",
      "Model": "NP-155F",
      "Construction": "Core",
      "NominalThickness": 0.55,
      "ResinContent": 0,
      "DielectricConstant": 4.41,
      "LossTangent": 0.02,
      "GlassTransitionTemperature": 150,
      "ExpectedLayerCount": 0,
      "IsCore": true
    },
    "Thickness": 0.55
  },
  {
    "Type": "Dielectric",
    "Material": {
      "Manufacturer": "Nan Ya Plastics",
      "Model": "NP-155F",
      "Construction": "1080",
      "NominalThickness": 0.08381999999999999,
      "ResinContent": 67,
      "DielectricConstant": 3.91,
      "LossTangent": 0.02,
      "GlassTransitionTemperature": 150,
      "ExpectedLayerCount": 0,
      "IsCore": false
    },
    "Thickness": 0.069
  },
  {
    "Type": "Copper",
    "Weight": 1,
    "Thickness": 0.03
  },
  {
    "Type": "Dielectric",
    "Material": {
      "Manufacturer": "Nan Ya Plastics",
      "Model": "NP-155F",
      "Construction": "Core",
      "NominalThickness": 0.25,
      "ResinContent": 0,
      "DielectricConstant": 4.23,
      "LossTangent": 0.02,
      "GlassTransitionTemperature": 150,
      "ExpectedLayerCount": 0,
      "IsCore": true
    },
    "Thickness": 0.25
  },
  {
    "Type": "Copper",
    "Weight": 1,
    "Thickness": 0.03
  },
  {
    "Type": "Dielectric",
    "Material": {
      "Manufacturer": "Nan Ya Plastics",
      "Model": "NP-155F",
      "Construction": "3313",
      "NominalThickness": 0.10668,
      "ResinContent": 57,
      "DielectricConstant": 4.1,
      "LossTangent": 0.02,
      "GlassTransitionTemperature": 150,
      "ExpectedLayerCount": 0,
      "IsCore": false
    },
    "Thickness": 0.092
  },
  {
    "Type": "Copper",
    "Weight": 1,
    "Thickness": 0.035
  }
]