[
  {
    "Type": "Copper",
    "Weight": 1,
    "Thickness": 0.035
  },
  {
    "Type": "Dielectric",
    "Material": {
      "Manufacturer": "SYTECH (Shengyi)",
      "Model": "S1000-2M",
      "Construction": "1080",
      "NominalThickness": 0.084074,
      "ResinContent": 69,
      "DielectricConstant": 3.99,
      "LossTangent": 0.018,
      "GlassTransitionTemperature": 180,
      "ExpectedLayerCount": 10,
      "IsCore": false
    },
    "Thickness": 0.0784
  },
  {
    "Type": "Copper",
    "Weight": 0.5,
    "Thickness": 0.0152
  },
  {
    "Type": "Dielectric",
    "Material": {
      "Manufacturer": "Nan Ya Plastics",
      "Model": "NP-155F",
      "Construction": "Core",
      "NominalThickness": 0.13,
      "ResinContent": 0,
      "DielectricConstant": 4.17,
      "LossTangent": 0.02,
      "GlassTransitionTemperature": 150,
      "ExpectedLayerCount": 0,
      "IsCore": true
    },
    "Thickness": 0.13
  },
  {
    "Type": "Copper",
    "Weight": 0.5,
    "Thickness": 0.0152
  },
  {
    "Type": "Dielectric",
    "Material": {
      "Manufacturer": "SYTECH (Shengyi)",
      "Model": "S1000-2M",
      "Construction": "2116",
      "NominalThickness": 0.127,
      "ResinContent": 57,
      "DielectricConstant": 4.29,
      "LossTangent": 0.018,
      "GlassTransitionTemperature": 180,
      "ExpectedLayerCount": 10,
      "IsCore": false
    },
    "Thickness": 0.1194
  },
  {
    "Type": "Copper",
    "Weight": 0.5,
    "Thickness": 0.0152
  },
  {
    "Type": "Dielectric",
    "Material": {
      "Manufacturer": "Nan Ya Plastics",
      "Model": "NP-155F",
      "Construction": "Core",
      "NominalThickness": 0.13,
      "ResinContent": 0,
      "DielectricConstant": 4.17,
      "LossTangent": 0.02,
      "GlassTransitionTemperature": 150,
      "ExpectedLayerCount": 0,
      "IsCore": true
    },
    "Thickness": 0.13
  },
  {
    "Type": "Copper",
    "Weight": 0.5,
    "Thickness": 0.0152
  },
  {
    "Type": "Dielectric",
    "Material": {
      "Manufacturer": "SYTECH (Shengyi)",
      "Model": "S1000-2M",
      "Construction": "2116",
      "NominalThickness": 0.127,
      "ResinContent": 57,
      "DielectricConstant": 4.29,
      "LossTangent": 0.018,
      "GlassTransitionTemperature": 180,
      "ExpectedLayerCount": 10,
      "IsCore": false
    },
    "Thickness": 0.1194
  },
  {
    "Type": "Copper",
    "Weight": 0.5,
    "Thickness": 0.0152
  },
  {
    "Type": "Dielectric",
    "Material": {
      "Manufacturer": "Nan Ya Plastics",
      "Model": "NP-155F",
      "Construction": "Core",
      "NominalThickness": 0.13,
      "ResinContent": 0,
      "DielectricConstant": 4.17,
      "LossTangent": 0.02,
      "GlassTransitionTemperature": 150,
      "ExpectedLayerCount": 0,
      "IsCore": true
    },
    "Thickness": 0.13
  },
  {
    "Type": "Copper",
    "Weight": 0.5,
    "Thickness": 0.0152
  },
  {
    "Type": "Dielectric",
    "Material": {
      "Manufacturer": "SYTECH (Shengyi)",
      "Model": "S1000-2M",
      "Construction": "2116",
      "NominalThickness": 0.127,
      "ResinContent": 57,
      "DielectricConstant": 4.29,
      "LossTangent": 0.018,
      "GlassTransitionTemperature": 180,
      "ExpectedLayerCount": 10,
      "IsCore": false
    },
    "Thickness": 0.1194
  },
  {
    "Type": "Copper",
    "Weight": 0.5,
    "Thickness": 0.0152
  },
  {
    "Type": "Dielectric",
    "Material": {
      "Manufacturer": "Nan Ya Plastics",
      "Model": "NP-155F",
      "Construction": "Core",
      "NominalThickness": 0.13,
      "ResinContent": 0,
      "DielectricConstant": 4.17,
      "LossTangent": 0.02,
      "GlassTransitionTemperature": 150,
      "ExpectedLayerCount": 0,
      "IsCore": true
    },
    "Thickness": 0.13
  },
  {
    "Type": "Copper",
    "Weight": 0.5,
    "Thickness": 0.0152
  },
  {
    "Type": "Dielectric",
    "Material": {
      "Manufacturer": "SYTECH (Shengyi)",
      "Model": "S1000-2M",
      "Construction": "1080",
      "NominalThickness": 0.084074,
      "ResinContent": 69,
      "DielectricConstant": 3.99,
      "LossTangent": 0.018,
      "GlassTransitionTemperature": 180,
      "ExpectedLayerCount": 10,
      "IsCore": false
    },
    "Thickness": 0.0784
  },
  {
    "Type": "Copper",
    "Weight": 1,
    "Thickness": 0.035
  }
]