[
  {
    "Type": "Copper",
    "Weight": 2,
    "Thickness": 0.07
  },
  {
    "Type": "Dielectric",
    "Material": {
      "Manufacturer": "Nan Ya Plastics",
      "Model": "NP-155F",
      "Construction": "3313",
      "NominalThickness": 0.10668,
      "ResinContent": 57,
      "DielectricConstant": 4.1,
      "LossTangent": 0.02,
      "GlassTransitionTemperature": 150,
      "ExpectedLayerCount": 0,
      "IsCore": false
    },
    "Thickness": 0.0994
  },
  {
    "Type": "Copper",
    "Weight": 0.5,
    "Thickness": 0.0152
  },
  {
    "Type": "Dielectric",
    "Material": {
      "Manufacturer": "Nan Ya Plastics",
      "Model": "NP-155F",
      "Construction": "Core",
      "NominalThickness": 0.35,
      "ResinContent": 0,
      "DielectricConstant": 4.36,
      "LossTangent": 0.02,
      "GlassTransitionTemperature": 150,
      "ExpectedLayerCount": 0,
      "IsCore": true
    },
    "Thickness": 0.35
  },
  {
    "Type": "Copper",
    "Weight": 0.5,
    "Thickness": 0.0152
  },
  {
    "Type": "Dielectric",
    "Material": {
      "Manufacturer": "Nan Ya Plastics",
      "Model": "NP-155F",
      "Construction": "3313",
      "NominalThickness": 0.10668,
      "ResinContent": 57,
      "DielectricConstant": 4.1,
      "LossTangent": 0.02,
      "GlassTransitionTemperature": 150,
      "ExpectedLayerCount": 0,
      "IsCore": false
    },
    "Thickness": 0.0994
  },
  {
    "Type": "Copper",
    "Weight": 0.5,
    "Thickness": 0.0152
  },
  {
    "Type": "Dielectric",
    "Material": {
      "Manufacturer": "Nan Ya Plastics",
      "Model": "NP-155F",
      "Construction": "Core",
      "NominalThickness": 0.35,
      "ResinContent": 0,
      "DielectricConstant": 4.36,
      "LossTangent": 0.02,
      "GlassTransitionTemperature": 150,
      "ExpectedLayerCount": 0,
      "IsCore": true
    },
    "Thickness": 0.35
  },
  {
    "Type": "Copper",
    "Weight": 0.5,
    "Thickness": 0.0152
  },
  {
    "Type": "Dielectric",
    "Material": {
      "Manufacturer": "Nan Ya Plastics",
      "Model": "NP-155F",
      "Construction": "3313",
      "NominalThickness": 0.10668,
      "ResinContent": 57,
      "DielectricConstant": 4.1,
      "LossTangent": 0.02,
      "GlassTransitionTemperature": 150,
      "ExpectedLayerCount": 0,
      "IsCore": false
    },
    "Thickness": 0.0994
  },
  {
    "Type": "Copper",
    "Weight": 2,
    "Thickness": 0.07
  }
]