[
  {
    "Type": "Copper",
    "Weight": 1,
    "Thickness": 0.035
  },
  {
    "Type": "Dielectric",
    "Material": {
      "Manufacturer": "SYTECH (Shengyi)",
      "Model": "S1000-2M",
      "Construction": "2313",
      "NominalThickness": 0.10388599999999999,
      "ResinContent": 58,
      "DielectricConstant": 4.31,
      "LossTangent": 0.018,
      "GlassTransitionTemperature": 180,
      "ExpectedLayerCount": 10,
      "IsCore": false
    },
    "Thickness": 0.104
  },
  {
    "Type": "Dielectric",
    "Material": {
      "Manufacturer": "SYTECH (Shengyi)",
      "Model": "S1000-2M",
      "Construction": "2313",
      "NominalThickness": 0.10388599999999999,
      "ResinContent": 58,
      "DielectricConstant": 4.31,
      "LossTangent": 0.018,
      "GlassTransitionTemperature": 180,
      "ExpectedLayerCount": 10,
      "IsCore": false
    },
    "Thickness": 0.0735
  },
  {
    "Type": "Copper",
    "Weight": 2,
    "Thickness": 0.061
  },
  {
    "Type": "Dielectric",
    "Material": {
      "Manufacturer": "Nan Ya Plastics",
      "Model": "NP-155F",
      "Construction": "Core",
      "NominalThickness": 0.1,
      "ResinContent": 0,
      "DielectricConstant": 4.36,
      "LossTangent": 0.02,
      "GlassTransitionTemperature": 150,
      "ExpectedLayerCount": 0,
      "IsCore": true
    },
    "Thickness": 0.1
  },
  {
    "Type": "Copper",
    "Weight": 2,
    "Thickness": 0.061
  },
  {
    "Type": "Dielectric",
    "Material": {
      "Manufacturer": "Nan Ya Plastics",
      "Model": "NP-155F",
      "Construction": "1080",
      "NominalThickness": 0.08381999999999999,
      "ResinContent": 67,
      "DielectricConstant": 3.91,
      "LossTangent": 0.02,
      "GlassTransitionTemperature": 150,
      "ExpectedLayerCount": 0,
      "IsCore": false
    },
    "Thickness": 0.0555
  },
  {
    "Type": "Dielectric",
    "Material": {
      "Manufacturer": "Nan Ya Plastics",
      "Model": "NP-155F",
      "Construction": "7628",
      "NominalThickness": 0.21844,
      "ResinContent": 49,
      "DielectricConstant": 4.4,
      "LossTangent": 0.02,
      "GlassTransitionTemperature": 150,
      "ExpectedLayerCount": 0,
      "IsCore": false
    },
    "Thickness": 0.216
  },
  {
    "Type": "Dielectric",
    "Material": {
      "Manufacturer": "Nan Ya Plastics",
      "Model": "NP-155F",
      "Construction": "1080",
      "NominalThickness": 0.08381999999999999,
      "ResinContent": 67,
      "DielectricConstant": 3.91,
      "LossTangent": 0.02,
      "GlassTransitionTemperature": 150,
      "ExpectedLayerCount": 0,
      "IsCore": false
    },
    "Thickness": 0.0555
  },
  {
    "Type": "Copper",
    "Weight": 2,
    "Thickness": 0.061
  },
  {
    "Type": "Dielectric",
    "Material": {
      "Manufacturer": "Nan Ya Plastics",
      "Model": "NP-155F",
      "Construction": "Core",
      "NominalThickness": 0.1,
      "ResinContent": 0,
      "DielectricConstant": 4.36,
      "LossTangent": 0.02,
      "GlassTransitionTemperature": 150,
      "ExpectedLayerCount": 0,
      "IsCore": true
    },
    "Thickness": 0.1
  },
  {
    "Type": "Copper",
    "Weight": 2,
    "Thickness": 0.061
  },
  {
    "Type": "Dielectric",
    "Material": {
      "Manufacturer": "SYTECH (Shengyi)",
      "Model": "S1000-2M",
      "Construction": "2313",
      "NominalThickness": 0.10388599999999999,
      "ResinContent": 58,
      "DielectricConstant": 4.31,
      "LossTangent": 0.018,
      "GlassTransitionTemperature": 180,
      "ExpectedLayerCount": 10,
      "IsCore": false
    },
    "Thickness": 0.0735
  },
  {
    "Type": "Dielectric",
    "Material": {
      "Manufacturer": "SYTECH (Shengyi)",
      "Model": "S1000-2M",
      "Construction": "2313",
      "NominalThickness": 0.10388599999999999,
      "ResinContent": 58,
      "DielectricConstant": 4.31,
      "LossTangent": 0.018,
      "GlassTransitionTemperature": 180,
      "ExpectedLayerCount": 10,
      "IsCore": false
    },
    "Thickness": 0.104
  },
  {
    "Type": "Copper",
    "Weight": 1,
    "Thickness": 0.035
  }
]