[
  {
    "Type": "Copper",
    "Weight": 1,
    "Thickness": 0.035
  },
  {
    "Type": "Dielectric",
    "Material": {
      "Manufacturer": "Nan Ya Plastics",
      "Model": "NP-155F",
      "Construction": "7628",
      "NominalThickness": 0.21844,
      "ResinContent": 49,
      "DielectricConstant": 4.4,
      "LossTangent": 0.02,
      "GlassTransitionTemperature": 150,
      "ExpectedLayerCount": 0,
      "IsCore": false
    },
    "Thickness": 0.218
  },
  {
    "Type": "Dielectric",
    "Material": {
      "Manufacturer": "Nan Ya Plastics",
      "Model": "NP-155F",
      "Construction": "7628",
      "NominalThickness": 0.21844,
      "ResinContent": 49,
      "DielectricConstant": 4.4,
      "LossTangent": 0.02,
      "GlassTransitionTemperature": 150,
      "ExpectedLayerCount": 0,
      "IsCore": false
    },
    "Thickness": 0.1875
  },
  {
    "Type": "Copper",
    "Weight": 2,
    "Thickness": 0.061
  },
  {
    "Type": "Dielectric",
    "Material": {
      "Manufacturer": "Nan Ya Plastics",
      "Model": "NP-155F",
      "Construction": "Core",
      "NominalThickness": 0.55,
      "ResinContent": 0,
      "DielectricConstant": 4.41,
      "LossTangent": 0.02,
      "GlassTransitionTemperature": 150,
      "ExpectedLayerCount": 0,
      "IsCore": true
    },
    "Thickness": 0.55
  },
  {
    "Type": "Copper",
    "Weight": 2,
    "Thickness": 0.061
  },
  {
    "Type": "Dielectric",
    "Material": {
      "Manufacturer": "Nan Ya Plastics",
      "Model": "NP-155F",
      "Construction": "7628",
      "NominalThickness": 0.21844,
      "ResinContent": 49,
      "DielectricConstant": 4.4,
      "LossTangent": 0.02,
      "GlassTransitionTemperature": 150,
      "ExpectedLayerCount": 0,
      "IsCore": false
    },
    "Thickness": 0.1875
  },
  {
    "Type": "Dielectric",
    "Material": {
      "Manufacturer": "Nan Ya Plastics",
      "Model": "NP-155F",
      "Construction": "7628",
      "NominalThickness": 0.21844,
      "ResinContent": 49,
      "DielectricConstant": 4.4,
      "LossTangent": 0.02,
      "GlassTransitionTemperature": 150,
      "ExpectedLayerCount": 0,
      "IsCore": false
    },
    "Thickness": 0.218
  },
  {
    "Type": "Copper",
    "Weight": 1,
    "Thickness": 0.035
  }
]