[
  {
    "Type": "Copper",
    "Weight": 1,
    "Thickness": 0.035
  },
  {
    "Type": "Dielectric",
    "Material": {
      "Manufacturer": "Nan Ya Plastics",
      "Model": "NP-155F",
      "Construction": "3313",
      "NominalThickness": 0.10668,
      "ResinContent": 57,
      "DielectricConstant": 4.1,
      "LossTangent": 0.02,
      "GlassTransitionTemperature": 150,
      "ExpectedLayerCount": 0,
      "IsCore": false
    },
    "Thickness": 0.107
  },
  {
    "Type": "Dielectric",
    "Material": {
      "Manufacturer": "Nan Ya Plastics",
      "Model": "NP-155F",
      "Construction": "2116",
      "NominalThickness": 0.12446,
      "ResinContent": 54,
      "DielectricConstant": 4.16,
      "LossTangent": 0.02,
      "GlassTransitionTemperature": 150,
      "ExpectedLayerCount": 0,
      "IsCore": false
    },
    "Thickness": 0.0935
  },
  {
    "Type": "Copper",
    "Weight": 2,
    "Thickness": 0.061
  },
  {
    "Type": "Dielectric",
    "Material": {
      "Manufacturer": "Nan Ya Plastics",
      "Model": "NP-155F",
      "Construction": "Core",
      "NominalThickness": 0.71,
      "ResinContent": 0,
      "DielectricConstant": 4.43,
      "LossTangent": 0.02,
      "GlassTransitionTemperature": 150,
      "ExpectedLayerCount": 0,
      "IsCore": true
    },
    "Thickness": 0.96
  },
  {
    "Type": "Copper",
    "Weight": 2,
    "Thickness": 0.061
  },
  {
    "Type": "Dielectric",
    "Material": {
      "Manufacturer": "Nan Ya Plastics",
      "Model": "NP-155F",
      "Construction": "2116",
      "NominalThickness": 0.12446,
      "ResinContent": 54,
      "DielectricConstant": 4.16,
      "LossTangent": 0.02,
      "GlassTransitionTemperature": 150,
      "ExpectedLayerCount": 0,
      "IsCore": false
    },
    "Thickness": 0.0935
  },
  {
    "Type": "Dielectric",
    "Material": {
      "Manufacturer": "Nan Ya Plastics",
      "Model": "NP-155F",
      "Construction": "3313",
      "NominalThickness": 0.10668,
      "ResinContent": 57,
      "DielectricConstant": 4.1,
      "LossTangent": 0.02,
      "GlassTransitionTemperature": 150,
      "ExpectedLayerCount": 0,
      "IsCore": false
    },
    "Thickness": 0.107
  },
  {
    "Type": "Copper",
    "Weight": 1,
    "Thickness": 0.035
  }
]