<?xml version="1.0" encoding="utf-8"?>
<!--/17106557/1621604/2.50/4/2/Power Supply/-->
<quadcept_library>
  <setting unit="mil" />
  <textstyle name="Default" height="47.244094488189" strokewidth="7.8740157480315" charwidth="47.244094488189" />
  <textstyle name="Dimension" height="19.6850393700787" strokewidth="0" charwidth="19.6850393700787" />
  <textstyle name="H127W0635TH00762" height="50" strokewidth="3" charwidth="25" />
  <textstyle name="H15W15TH02" height="59.0551181102362" strokewidth="7.8740157480315" charwidth="59.0551181102362" />
  <padstyle name="c130.3_h76" surface="False" plated="True" isvia="False" nopaste="True" nomask="True" complex="False" holesize="29.921259842519">
    <padshape layer="TOP" shape="round" width="51.299212598425" height="51.299212598425" />
    <padshape layer="TOP_SOLDER_MASK" shape="round" width="59.173228346456" height="59.173228346456" />
    <padshape layer="INNER" shape="round" width="51.299212598425" height="51.299212598425" />
    <padshape layer="BOTTOM" shape="round" width="51.299212598425" height="51.299212598425" />
    <padshape layer="BOTTOM_SOLDER_MASK" shape="round" width="59.173228346456" height="59.173228346456" />
  </padstyle>
  <padstyle name="s130.3_h76" surface="False" plated="True" isvia="False" nopaste="True" nomask="True" complex="False" holesize="29.921259842519">
    <padshape layer="TOP" shape="square" width="51.299212598425" height="51.299212598425" />
    <padshape layer="TOP_SOLDER_MASK" shape="square" width="59.173228346456" height="59.173228346456" />
    <padshape layer="INNER" shape="square" width="51.299212598425" height="51.299212598425" />
    <padshape layer="BOTTOM" shape="square" width="51.299212598425" height="51.299212598425" />
    <padshape layer="BOTTOM_SOLDER_MASK" shape="square" width="59.173228346456" height="59.173228346456" />
  </padstyle>
  <footprint name="TRV20511M" originx="0" originy="0" pickpointx="0" pickpointy="0">
    <pcbpin number="1" name="1" style="s130.3_h76" originx="0" originy="0" rotation="90" />
    <pcbpin number="2" name="2" style="c130.3_h76" originx="78.740157480314" originy="0" rotation="90" />
    <pcbpin number="3" name="7" style="c130.3_h76" originx="472.44094488188" originy="0" rotation="90" />
    <pcbpin number="4" name="9" style="c130.3_h76" originx="629.92125984251" originy="0" rotation="90" />
    <line layer="TOP_ASSEMBLY" originx="-70.866141732283" originy="-299.21259842519" endx="700.78740157479" endy="-299.21259842519" width="3.9370078740157" />
    <line layer="TOP_ASSEMBLY" originx="700.78740157479" originy="-299.21259842519" endx="700.78740157479" endy="90.551181102361" width="3.9370078740157" />
    <line layer="TOP_ASSEMBLY" originx="700.78740157479" originy="90.551181102361" endx="-70.866141732283" endy="90.551181102361" width="3.9370078740157" />
    <line layer="TOP_ASSEMBLY" originx="-70.866141732283" originy="90.551181102361" endx="-70.866141732283" endy="-299.21259842519" width="3.9370078740157" />
    <line layer="TOP_SILKSCREEN" originx="-70.866141732283" originy="-299.21259842519" endx="700.78740157479" endy="-299.21259842519" width="7.8740157480314" />
    <line layer="TOP_SILKSCREEN" originx="700.78740157479" originy="-299.21259842519" endx="700.78740157479" endy="90.551181102361" width="7.8740157480314" />
    <line layer="TOP_SILKSCREEN" originx="700.78740157479" originy="90.551181102361" endx="-70.866141732283" endy="90.551181102361" width="7.8740157480314" />
    <line layer="TOP_SILKSCREEN" originx="-70.866141732283" originy="90.551181102361" endx="-70.866141732283" endy="-299.21259842519" width="7.8740157480314" />
    <line layer="TOP_PLACE_BOUND" originx="-110.23622047244" originy="-338.58267716535" endx="740.15748031495" endy="-338.58267716535" width="3.9370078740157" />
    <line layer="TOP_PLACE_BOUND" originx="740.15748031495" originy="-338.58267716535" endx="740.15748031495" endy="129.92125984252" width="3.9370078740157" />
    <line layer="TOP_PLACE_BOUND" originx="740.15748031495" originy="129.92125984252" endx="-110.23622047244" endy="129.92125984252" width="3.9370078740157" />
    <line layer="TOP_PLACE_BOUND" originx="-110.23622047244" originy="129.92125984252" endx="-110.23622047244" endy="-338.58267716535" width="3.9370078740157" />
    <line layer="TOP_SILKSCREEN" originx="-86.614173228345" originy="0" endx="-86.614173228345" endy="0" width="3.9370078740157" />
    <arc layer="TOP_SILKSCREEN" originx="-92.519685039369" originy="0" startangle=".0" sweepangle="180.0" radius="-1.9685039370079" width="3.9370078740157" />
    <line layer="TOP_SILKSCREEN" originx="-90.551181102361" originy="0" endx="-90.551181102361" endy="0" width="3.9370078740157" />
    <arc layer="TOP_SILKSCREEN" originx="-92.519685039369" originy="0" startangle="180.0" sweepangle="180.0" radius="-1.9685039370079" width="3.9370078740157" />
  </footprint>
  <symbol name="TRV_2-0511M" originx="0" originy="0">
    <line originx="200" originy="100" endx="800" endy="100" width="0" />
    <line originx="800" originy="-400" endx="800" endy="100" width="0" />
    <line originx="800" originy="-400" endx="200" endy="-400" width="0" />
    <line originx="200" originy="100" endx="200" endy="-400" width="0" />
    <sympin number="1" originx="200" originy="0" rotation="180" length="100" width="7.8740157480315" flipped="False">
      <text name="pinname" originx="230" originy="0" style="Default" rotation="0" justify="left" flipped="False" hidden="False" data="+VIN" />
      <text name="pindes" originx="140" originy="20" style="Default" rotation="0" justify="lowerright" flipped="False" hidden="False" data="1" />
    </sympin>
    <sympin number="2" originx="200" originy="-100" rotation="180" length="100" width="7.8740157480315" flipped="False">
      <text name="pinname" originx="230" originy="-100" style="Default" rotation="0" justify="left" flipped="False" hidden="False" data="-VIN" />
      <text name="pindes" originx="140" originy="-80" style="Default" rotation="0" justify="lowerright" flipped="False" hidden="False" data="2" />
    </sympin>
    <sympin number="7" originx="200" originy="-200" rotation="180" length="100" width="7.8740157480315" flipped="False">
      <text name="pinname" originx="230" originy="-200" style="Default" rotation="0" justify="left" flipped="False" hidden="False" data="-VOUT" />
      <text name="pindes" originx="140" originy="-180" style="Default" rotation="0" justify="lowerright" flipped="False" hidden="False" data="7" />
    </sympin>
    <sympin number="9" originx="200" originy="-300" rotation="180" length="100" width="7.8740157480315" flipped="False">
      <text name="pinname" originx="230" originy="-300" style="Default" rotation="0" justify="left" flipped="False" hidden="False" data="+VOUT" />
      <text name="pindes" originx="140" originy="-280" style="Default" rotation="0" justify="lowerright" flipped="False" hidden="False" data="9" />
    </sympin>
  </symbol>
  <component name="TRV_2-0511M" designatorprefix="PS" height="511.81102362204" footprint="TRV20511M">
    <comppin designator="1" sympin="1" pinswap="0" gateswap="0" gate="1" group="1" side="" type="Any" name="+VIN" />
    <comppin designator="2" sympin="2" pinswap="0" gateswap="0" gate="1" group="1" side="" type="Any" name="-VIN" />
    <comppin designator="7" sympin="7" pinswap="0" gateswap="0" gate="1" group="1" side="" type="Any" name="-VOUT" />
    <comppin designator="9" sympin="9" pinswap="0" gateswap="0" gate="1" group="1" side="" type="Any" name="+VOUT" />
    <attached_symbol gate="1" name="TRV_2-0511M" />
    <pinmap designator="1" footprintpin="1" />
    <pinmap designator="2" footprintpin="2" />
    <pinmap designator="7" footprintpin="3" />
    <pinmap designator="9" footprintpin="4" />
    <text name="Datasheet" originx="0" originy="0" style="Default" rotation="0" justify="" flipped="False" hidden="True" data="https://tracopower.com/trv2m-datasheet/" />
    <text name="Description" originx="0" originy="0" style="Default" rotation="0" justify="" flipped="False" hidden="True" data="2 Watt DC/DC converter, medical/industrial, 1.5:1 input, regulated, 5000 VAC isolation, 2xMOPP, encpasulated, SIP-9" />
    <text name="Mouser Part Number" originx="0" originy="0" style="Default" rotation="0" justify="" flipped="False" hidden="True" data="495-TRV2-0511M" />
    <text name="Mouser Price/Stock" originx="0" originy="0" style="Default" rotation="0" justify="" flipped="False" hidden="True" data="https://www.mouser.co.uk/ProductDetail/TRACO-Power/TRV-2-0511M?qs=vvQtp7zwQdPTJ%2FNukxuIBA%3D%3D" />
    <text name="Manufacturer_Name" originx="0" originy="0" style="Default" rotation="0" justify="" flipped="False" hidden="True" data="Traco Power" />
    <text name="Manufacturer_Part_Number" originx="850" originy="200" style="Default" rotation="0" justify="left" flipped="False" hidden="False" data="TRV 2-0511M" />
  </component>
</quadcept_library>
