<?xml version="1.0" encoding="utf-8"?>
<!--/668263/1621604/2.50/5/4/Integrated Circuit/-->
<quadcept_library>
  <setting unit="mil" />
  <textstyle name="Default" height="47.244094488189" strokewidth="7.8740157480315" charwidth="47.244094488189" />
  <textstyle name="Dimension" height="19.6850393700787" strokewidth="0" charwidth="19.6850393700787" />
  <textstyle name="H127W0635TH00762" height="50" strokewidth="3" charwidth="25" />
  <textstyle name="H15W15TH02" height="59.0551181102362" strokewidth="7.8740157480315" charwidth="59.0551181102362" />
  <padstyle name="r120_80" surface="True" plated="False" isvia="False" nopaste="False" nomask="True" complex="False" holesize="0">
    <padshape layer="TOP" shape="rectangle" width="31.496062992126" height="47.244094488188" />
    <padshape layer="TOP_SOLDER_MASK" shape="rectangle" width="39.370078740157" height="55.11811023622" />
    <padshape layer="TOP_SOLDER_PASTE" shape="rectangle" width="31.496062992126" height="47.244094488188" />
  </padstyle>
  <footprint name="11-4L1S(5-PIN-SOIC)" originx="0" originy="0" pickpointx="0" pickpointy="0">
    <pcbpin number="1" name="6" style="r120_80" originx="-49.999999999999" originy="124.01574803149" rotation="0" />
    <pcbpin number="2" name="5" style="r120_80" originx="0" originy="124.01574803149" rotation="0" />
    <pcbpin number="3" name="4" style="r120_80" originx="49.999999999999" originy="124.01574803149" rotation="0" />
    <pcbpin number="4" name="1" style="r120_80" originx="-49.999999999999" originy="-124.01574803149" rotation="0" />
    <pcbpin number="5" name="3" style="r120_80" originx="49.999999999999" originy="-124.01574803149" rotation="0" />
    <line layer="TOP_ASSEMBLY" originx="-72.83464566929" originy="89.566929133857" endx="72.83464566929" endy="89.566929133857" width="9.9999999999999" />
    <line layer="TOP_ASSEMBLY" originx="72.83464566929" originy="89.566929133857" endx="72.83464566929" endy="-89.566929133857" width="9.9999999999999" />
    <line layer="TOP_ASSEMBLY" originx="72.83464566929" originy="-89.566929133857" endx="-72.83464566929" endy="-89.566929133857" width="9.9999999999999" />
    <line layer="TOP_ASSEMBLY" originx="-72.83464566929" originy="-89.566929133857" endx="-72.83464566929" endy="89.566929133857" width="9.9999999999999" />
    <line layer="TOP_SILKSCREEN" originx="-72.83464566929" originy="89.566929133857" endx="-72.83464566929" endy="-89.566929133857" width="9.9999999999999" />
    <line layer="TOP_SILKSCREEN" originx="-72.83464566929" originy="-89.566929133857" endx="72.83464566929" endy="-89.566929133857" width="9.9999999999999" />
    <line layer="TOP_SILKSCREEN" originx="72.83464566929" originy="-89.566929133857" endx="72.83464566929" endy="89.566929133857" width="9.9999999999999" />
    <line layer="TOP_SILKSCREEN" originx="72.83464566929" originy="89.566929133857" endx="-72.83464566929" endy="89.566929133857" width="9.9999999999999" />
    <arc layer="TOP_SILKSCREEN" originx="-82.047244094487" originy="-153.38582677165" startangle="180" sweepangle="180" radius="3.1775590551181" width="9.9999999999999" />
    <arc layer="TOP_SILKSCREEN" originx="-82.047244094487" originy="-153.38582677165" startangle="180" sweepangle="-180" radius="3.1775590551181" width="9.9999999999999" />
  </footprint>
  <symbol name="TLP2362_E_" originx="0" originy="0">
    <line originx="200" originy="100" endx="1400" endy="100" width="0" />
    <line originx="1400" originy="-300" endx="1400" endy="100" width="0" />
    <line originx="1400" originy="-300" endx="200" endy="-300" width="0" />
    <line originx="200" originy="100" endx="200" endy="-300" width="0" />
    <sympin number="1" originx="200" originy="0" rotation="180" length="100" width="7.8740157480315" flipped="False">
      <text name="pinname" originx="230" originy="0" style="Default" rotation="0" justify="left" flipped="False" hidden="False" data="ANODE" />
      <text name="pindes" originx="140" originy="20" style="Default" rotation="0" justify="lowerright" flipped="False" hidden="False" data="1" />
    </sympin>
    <sympin number="3" originx="200" originy="-100" rotation="180" length="100" width="7.8740157480315" flipped="False">
      <text name="pinname" originx="230" originy="-100" style="Default" rotation="0" justify="left" flipped="False" hidden="False" data="CATHODE" />
      <text name="pindes" originx="140" originy="-80" style="Default" rotation="0" justify="lowerright" flipped="False" hidden="False" data="3" />
    </sympin>
    <sympin number="4" originx="1400" originy="-200" rotation="0" length="100" width="7.8740157480315" flipped="False">
      <text name="pinname" originx="1370" originy="-200" style="Default" rotation="0" justify="right" flipped="False" hidden="False" data="GND" />
      <text name="pindes" originx="1460" originy="-180" style="Default" rotation="0" justify="lowerleft" flipped="False" hidden="False" data="4" />
    </sympin>
    <sympin number="5" originx="1400" originy="-100" rotation="0" length="100" width="7.8740157480315" flipped="False">
      <text name="pinname" originx="1370" originy="-100" style="Default" rotation="0" justify="right" flipped="False" hidden="False" data="VO_(OUTPUT)" />
      <text name="pindes" originx="1460" originy="-80" style="Default" rotation="0" justify="lowerleft" flipped="False" hidden="False" data="5" />
    </sympin>
    <sympin number="6" originx="1400" originy="0" rotation="0" length="100" width="7.8740157480315" flipped="False">
      <text name="pinname" originx="1370" originy="0" style="Default" rotation="0" justify="right" flipped="False" hidden="False" data="VCC" />
      <text name="pindes" originx="1460" originy="20" style="Default" rotation="0" justify="lowerleft" flipped="False" hidden="False" data="6" />
    </sympin>
  </symbol>
  <component name="TLP2362_E_" designatorprefix="IC" height="0" footprint="11-4L1S(5-PIN-SOIC)">
    <comppin designator="1" sympin="1" pinswap="0" gateswap="0" gate="1" group="1" side="" type="Any" name="ANODE" />
    <comppin designator="3" sympin="3" pinswap="0" gateswap="0" gate="1" group="1" side="" type="Any" name="CATHODE" />
    <comppin designator="4" sympin="4" pinswap="0" gateswap="0" gate="1" group="1" side="" type="Any" name="GND" />
    <comppin designator="5" sympin="5" pinswap="0" gateswap="0" gate="1" group="1" side="" type="Any" name="VO_(OUTPUT)" />
    <comppin designator="6" sympin="6" pinswap="0" gateswap="0" gate="1" group="1" side="" type="Any" name="VCC" />
    <attached_symbol gate="1" name="TLP2362_E_" />
    <pinmap designator="1" footprintpin="1" />
    <pinmap designator="3" footprintpin="2" />
    <pinmap designator="4" footprintpin="3" />
    <pinmap designator="5" footprintpin="4" />
    <pinmap designator="6" footprintpin="5" />
    <text name="Datasheet" originx="0" originy="0" style="Default" rotation="0" justify="" flipped="False" hidden="True" data="https://datasheet.datasheetarchive.com/originals/distributors/Datasheets-SFU1/DSASFU100019761.pdf" />
    <text name="Description" originx="0" originy="0" style="Default" rotation="0" justify="" flipped="False" hidden="True" data="High Speed Optocouplers Photo-IC 6V VCC 3750 Vrms 6K Vtr" />
    <text name="Mouser Part Number" originx="0" originy="0" style="Default" rotation="0" justify="" flipped="False" hidden="True" data="757-TLP2362E" />
    <text name="Mouser Price/Stock" originx="0" originy="0" style="Default" rotation="0" justify="" flipped="False" hidden="True" data="https://www.mouser.co.uk/ProductDetail/Toshiba/TLP2362E?qs=sRdS99IVWC99506MMfSUIA%3D%3D" />
    <text name="Manufacturer_Name" originx="0" originy="0" style="Default" rotation="0" justify="" flipped="False" hidden="True" data="Toshiba" />
    <text name="Manufacturer_Part_Number" originx="1450" originy="200" style="Default" rotation="0" justify="left" flipped="False" hidden="False" data="TLP2362(E)" />
  </component>
</quadcept_library>
